City_ID,City,Country,Date,Lat,Lng,Max Temp,Humidity,Cloudiness,Wind Speed
0,Albany,US,2020-05-08 22:24:50,42.6,-73.97,52.0,37,100,7.31
1,Evensk,RU,2020-05-08 22:28:23,61.95,159.23,32.95,90,45,13.65
2,Palu,ID,2020-05-08 22:26:48,-0.89,119.87,76.55,79,19,3.13
3,Bethel,US,2020-05-08 22:28:23,41.37,-73.41,43.0,87,90,6.98
4,Lompoc,US,2020-05-08 22:28:23,34.64,-120.46,78.01,60,20,8.05
5,Rikitea,PF,2020-05-08 22:28:24,-23.12,-134.97,75.74,69,26,5.28
6,Victoria,HK,2020-05-08 22:27:56,22.29,114.16,82.0,78,67,10.0
7,Tuatapere,NZ,2020-05-08 22:28:24,-46.13,167.68,53.98,78,47,6.53
8,Hambantota,LK,2020-05-08 22:28:24,6.12,81.12,81.32,84,83,7.31
9,Sorland,NO,2020-05-08 22:26:51,67.67,12.69,34.23,83,100,12.8
10,Machaneng,BW,2020-05-08 22:26:51,-23.19,27.49,60.62,64,0,5.23
11,Guerrero Negro,MX,2020-05-08 22:26:51,27.98,-114.06,79.7,39,0,16.73
12,Faanui,PF,2020-05-08 22:26:51,-16.48,-151.75,81.9,78,100,12.15
13,Shirokiy,RU,2020-05-08 22:26:51,49.76,129.52,52.66,59,100,6.96
14,Punta Arenas,CL,2020-05-08 22:26:52,-53.15,-70.92,48.2,70,86,10.29
15,Kahului,US,2020-05-08 22:26:52,20.89,-156.47,71.6,94,90,9.17
16,Mataura,NZ,2020-05-08 22:26:52,-46.19,168.86,50.11,76,60,3.96
17,Hurghada,EG,2020-05-08 22:26:52,27.26,33.81,75.2,27,0,6.67
18,Severo-Kurilsk,RU,2020-05-08 22:26:52,50.68,156.12,34.3,89,75,14.85
19,Pangnirtung,CA,2020-05-08 22:26:52,66.15,-65.71,24.8,85,90,2.24
20,Kapaa,US,2020-05-08 22:26:52,22.08,-159.32,77.0,65,75,17.22
21,Hithadhoo,MV,2020-05-08 22:26:53,-0.6,73.08,84.97,78,89,16.44
22,Lagoa,PT,2020-05-08 22:26:53,39.05,-27.98,60.28,84,78,18.28
23,Batemans Bay,AU,2020-05-08 22:26:53,-35.72,150.18,55.0,77,32,5.99
24,Ushuaia,AR,2020-05-08 22:26:53,-54.8,-68.3,44.6,87,40,5.82
25,Byron Bay,AU,2020-05-08 22:26:53,-28.65,153.62,66.99,93,40,8.43
26,Puerto Madero,MX,2020-05-08 22:26:54,14.72,-92.42,93.2,52,40,11.41
27,Bredasdorp,ZA,2020-05-08 22:26:54,-34.53,20.04,62.6,93,15,9.17
28,Saskylakh,RU,2020-05-08 22:26:54,71.92,114.08,2.71,93,70,4.12
29,Pochutla,MX,2020-05-08 22:26:54,15.74,-96.47,91.4,52,40,11.41
30,Puerto Ayora,EC,2020-05-08 22:26:54,-0.74,-90.35,82.4,74,20,14.99
31,Nishihara,JP,2020-05-08 22:26:54,26.18,127.76,73.4,94,75,12.75
32,Tudela,ES,2020-05-08 22:26:54,42.06,-1.6,66.2,48,13,14.99
33,New Norfolk,AU,2020-05-08 22:26:55,-42.78,147.06,48.99,88,100,1.99
34,Hasaki,JP,2020-05-08 22:26:55,35.73,140.83,64.99,63,75,11.41
35,Busselton,AU,2020-05-08 22:26:30,-33.65,115.33,43.0,75,6,6.26
36,Hobart,AU,2020-05-08 22:26:48,-42.88,147.33,50.0,100,75,5.82
37,Yellowknife,CA,2020-05-08 22:26:55,62.46,-114.35,42.8,56,75,13.87
38,Dikson,RU,2020-05-08 22:26:55,73.51,80.55,25.14,95,100,20.65
39,Vila Franca Do Campo,PT,2020-05-08 22:26:56,37.72,-25.43,60.8,77,40,12.75
40,Thompson,CA,2020-05-08 22:26:41,55.74,-97.86,35.6,59,20,10.29
41,Narsaq,GL,2020-05-08 22:26:56,60.92,-46.05,50.0,57,40,6.93
42,Smithers,CA,2020-05-08 22:26:56,54.78,-127.17,68.0,30,5,3.36
43,Honningsvag,NO,2020-05-08 22:26:56,70.98,25.97,32.0,80,40,12.75
44,Saint George,US,2020-05-08 22:24:38,37.1,-113.58,84.2,6,1,5.82
45,Kamenka,RU,2020-05-08 22:26:57,51.32,42.77,46.99,89,100,3.13
46,Vao,NC,2020-05-08 22:26:57,-22.67,167.48,72.93,77,52,22.95
47,Sao Filipe,CV,2020-05-08 22:26:57,14.9,-24.5,74.21,70,0,13.27
48,Pedernales,DO,2020-05-08 22:26:57,18.04,-71.74,85.87,59,71,12.17
49,Upernavik,GL,2020-05-08 22:26:57,72.79,-56.15,22.21,88,97,9.26
50,Nikolskoye,RU,2020-05-08 22:26:57,59.7,30.79,41.0,60,31,8.95
51,Kavos,GR,2020-05-08 22:26:58,38.83,22.83,55.99,81,2,5.82
52,Nanortalik,GL,2020-05-08 22:26:58,60.14,-45.24,40.26,74,64,4.85
53,Capinzal,BR,2020-05-08 22:26:58,-27.34,-51.61,53.24,64,0,1.32
54,Constitucion,CL,2020-05-08 22:26:58,-35.33,-72.42,58.59,80,100,4.85
55,Turukhansk,RU,2020-05-08 22:26:58,65.82,87.98,43.27,95,100,13.2
56,East London,ZA,2020-05-08 22:26:58,-33.02,27.91,69.28,77,76,4.07
57,Alofi,NU,2020-05-08 22:26:58,-19.06,-169.92,82.4,78,70,12.75
58,Salalah,OM,2020-05-08 22:26:58,17.02,54.09,82.4,83,20,1.12
59,Leningradskiy,RU,2020-05-08 22:26:59,69.38,178.42,32.83,91,32,6.8
60,Longyearbyen,SJ,2020-05-08 22:26:59,78.22,15.64,26.6,79,75,8.05
61,Bluff,NZ,2020-05-08 22:26:17,-46.6,168.33,52.39,74,70,11.88
62,Hermanus,ZA,2020-05-08 22:26:59,-34.42,19.23,60.01,87,4,9.62
63,Benghazi,LY,2020-05-08 22:24:02,32.12,20.07,62.89,67,0,14.63
64,Yumen,CN,2020-05-08 22:26:59,40.28,97.2,45.16,41,0,1.05
65,Atuona,PF,2020-05-08 22:26:59,-9.8,-139.03,81.21,75,82,17.47
66,Prince Rupert,CA,2020-05-08 22:26:59,54.32,-130.32,69.8,30,1,8.05
67,Lipin Bor,RU,2020-05-08 22:27:00,60.26,37.98,37.98,83,4,1.43
68,Kutum,SD,2020-05-08 22:27:00,14.2,24.67,74.82,16,76,11.56
69,Okhotsk,RU,2020-05-08 22:27:00,59.38,143.3,35.31,80,100,1.25
70,Arraial Do Cabo,BR,2020-05-08 22:27:00,-22.97,-42.03,71.6,73,20,4.7
71,Shimoda,JP,2020-05-08 22:27:00,34.67,138.95,57.2,76,75,4.7
72,Bonavista,CA,2020-05-08 22:27:00,48.65,-53.11,41.0,84,100,15.99
73,Cabedelo,BR,2020-05-08 22:27:01,-6.98,-34.83,77.0,88,4,6.93
74,Turje,HU,2020-05-08 22:27:01,46.98,17.11,55.4,82,48,6.93
75,Aguas Formosas,BR,2020-05-08 22:27:01,-17.08,-40.94,64.89,93,100,5.32
76,Bambous Virieux,MU,2020-05-08 22:27:01,-20.34,57.76,71.6,94,40,4.7
77,Hilo,US,2020-05-08 22:25:19,19.73,-155.09,84.2,54,20,9.17
78,Jijiga,ET,2020-05-08 22:27:01,9.35,42.8,65.89,85,97,5.44
79,Chuy,UY,2020-05-08 22:27:01,-33.7,-53.46,53.71,70,0,4.41
80,Zaysan,KZ,2020-05-08 22:27:02,47.47,84.87,55.62,37,0,4.88
81,Fiche,ET,2020-05-08 22:27:02,9.8,38.73,53.98,82,29,3.58
82,Castro,BR,2020-05-08 22:26:17,-24.79,-50.01,50.58,73,0,3.29
83,Portland,US,2020-05-08 22:22:47,45.52,-122.68,81.0,22,1,21.92
84,Provideniya,RU,2020-05-08 22:27:02,64.38,-173.3,41.04,69,100,17.07
85,Ribeira Grande,PT,2020-05-08 22:26:59,38.52,-28.7,62.01,86,100,17.98
86,Touros,BR,2020-05-08 22:27:03,-5.2,-35.46,78.8,83,75,6.93
87,Peniche,PT,2020-05-08 22:27:03,39.36,-9.38,59.0,84,85,5.01
88,Barrow,US,2020-05-08 22:27:03,71.29,-156.79,19.4,92,90,12.75
89,Kodiak,US,2020-05-08 22:26:22,57.79,-152.41,44.6,87,90,18.34
90,Bandarbeyla,SO,2020-05-08 22:27:03,9.49,50.81,82.2,75,0,8.32
91,Bathsheba,BB,2020-05-08 22:27:03,13.22,-59.52,82.4,69,40,17.22
92,Torbay,CA,2020-05-08 22:27:03,47.67,-52.73,39.99,85,20,24.16
93,San Andres,CO,2020-05-08 22:27:04,12.58,-81.7,86.0,79,75,9.17
94,Georgetown,MY,2020-05-08 22:26:16,5.41,100.34,78.8,100,40,2.24
95,Saint-Augustin,CA,2020-05-08 22:27:04,51.23,-58.65,34.9,98,100,6.04
96,Tasiilaq,GL,2020-05-08 22:27:04,65.61,-37.64,32.0,86,12,2.24
97,Luderitz,NA,2020-05-08 22:27:04,-26.65,15.16,51.8,100,0,1.12
98,Tanout,NE,2020-05-08 22:27:04,14.97,8.89,92.01,18,65,10.09
99,Vilhena,BR,2020-05-08 22:23:51,-12.74,-60.15,71.6,78,14,8.05
100,Tuktoyaktuk,CA,2020-05-08 22:27:04,69.45,-133.04,30.2,80,5,17.22
101,Caravelas,BR,2020-05-08 22:27:05,-17.71,-39.25,73.76,72,99,12.17
102,Namatanai,PG,2020-05-08 22:27:05,-3.67,152.43,83.43,68,0,4.79
103,Mar Del Plata,AR,2020-05-08 22:27:05,-38.0,-57.56,57.2,76,49,12.75
104,Talagang,PK,2020-05-08 22:27:05,32.93,72.42,78.44,45,97,10.47
105,Grants,US,2020-05-08 22:27:05,35.15,-107.85,71.6,12,1,23.04
106,Butaritari,KI,2020-05-08 22:27:05,3.07,172.79,83.1,76,100,8.57
107,Matamoros,MX,2020-05-08 22:27:05,25.53,-103.25,93.2,16,75,4.7
108,Coahuayana,MX,2020-05-08 22:27:06,18.73,-103.68,87.8,43,40,17.22
109,Carnarvon,AU,2020-05-08 22:26:23,-24.87,113.63,66.0,47,87,20.58
110,Sola,VU,2020-05-08 22:27:06,-13.88,167.55,84.2,70,40,5.82
111,Mentougou,CN,2020-05-08 22:27:06,39.94,116.09,57.0,90,83,1.39
112,Kranjska Gora,SI,2020-05-08 22:25:01,46.48,13.79,54.0,83,78,4.85
113,Kharp,RU,2020-05-08 22:27:06,66.8,65.81,34.21,90,100,6.71
114,Avarua,CK,2020-05-08 22:26:35,-21.21,-159.78,82.4,74,57,9.17
115,Tiksi,RU,2020-05-08 22:27:07,71.69,128.87,16.52,97,100,15.84
116,Cabo San Lucas,MX,2020-05-08 22:27:07,22.89,-109.91,88.0,19,5,19.46
117,Cayenne,GF,2020-05-08 22:27:07,4.93,-52.33,82.4,74,90,6.93
118,Cape Town,ZA,2020-05-08 22:27:07,-33.93,18.42,64.0,88,0,10.29
119,San Andres Del Rabanedo,ES,2020-05-08 22:27:07,42.61,-5.62,53.01,93,20,3.36
120,Bilibino,RU,2020-05-08 22:27:07,68.05,166.44,31.05,92,0,3.85
121,Bundaberg,AU,2020-05-08 22:27:07,-24.85,152.35,68.0,77,90,4.74
122,Machinga,MW,2020-05-08 22:27:07,-15.17,35.3,60.13,81,37,2.84
123,Port Alfred,ZA,2020-05-08 22:26:16,-33.59,26.89,63.0,96,23,3.47
124,Sur,OM,2020-05-08 22:27:08,22.57,59.53,90.75,38,0,9.82
125,Sinnamary,GF,2020-05-08 22:27:08,5.38,-52.95,78.67,79,76,11.05
126,Pimentel,PE,2020-05-08 22:22:58,-6.84,-79.93,71.11,82,38,14.99
127,Lorengau,PG,2020-05-08 22:27:08,-2.02,147.27,83.21,77,76,4.52
128,Santa Fe,AR,2020-05-08 22:26:47,-31.63,-60.7,62.01,63,4,5.99
129,Anloga,GH,2020-05-08 22:27:09,5.79,0.9,84.2,83,20,10.29
130,Gardelegen,DE,2020-05-08 22:27:09,52.53,11.4,51.01,64,96,0.36
131,Beatrice,US,2020-05-08 22:27:09,40.27,-96.75,57.99,33,1,9.17
132,Bakchar,RU,2020-05-08 22:27:09,57.02,82.07,53.28,76,76,5.06
133,Raudeberg,NO,2020-05-08 22:27:09,61.99,5.14,41.0,88,98,5.95
134,Chitral,PK,2020-05-08 22:27:09,35.85,71.79,60.13,38,100,3.18
135,Charters Towers,AU,2020-05-08 22:27:09,-20.1,146.27,65.93,83,46,8.99
136,Lukovetskiy,RU,2020-05-08 22:27:09,64.3,41.92,32.0,86,40,3.67
137,Benguela,AO,2020-05-08 22:27:10,-12.58,13.41,77.58,77,0,1.48
138,Vaini,TO,2020-05-08 22:27:10,-21.2,-175.2,82.4,83,75,14.99
139,Kahramanmaras,TR,2020-05-08 22:27:10,38.0,37.0,59.0,82,75,3.36
140,Kitimat,CA,2020-05-08 22:27:10,54.05,-128.65,75.2,22,75,6.93
141,Viedma,AR,2020-05-08 22:26:03,-40.81,-63.0,64.24,50,100,13.89
142,Ewa Beach,US,2020-05-08 22:27:10,21.32,-158.01,84.2,45,1,9.17
143,Dusnok,HU,2020-05-08 22:27:11,46.39,18.96,54.66,75,21,5.91
144,Esperance,AU,2020-05-08 22:27:11,-33.87,121.9,50.0,93,90,4.7
145,Vestmanna,FO,2020-05-08 22:27:11,62.16,-7.17,39.2,79,54,12.75
146,Masvingo,ZW,2020-05-08 22:27:11,-20.06,30.83,52.88,83,0,4.36
147,Omsukchan,RU,2020-05-08 22:27:11,62.53,155.8,27.45,95,30,3.67
148,Cozumel,MX,2020-05-08 22:26:42,20.51,-86.95,87.8,58,40,11.41
149,Baruun-Urt,MN,2020-05-08 22:27:11,46.68,113.28,45.68,66,14,6.51
150,Cidreira,BR,2020-05-08 22:27:11,-30.18,-50.21,60.22,75,0,5.99
151,Paamiut,GL,2020-05-08 22:27:12,61.99,-49.67,41.25,75,98,8.14
152,Talnakh,RU,2020-05-08 22:27:12,69.49,88.4,37.4,93,100,17.9
153,Richards Bay,ZA,2020-05-08 22:27:12,-28.78,32.04,66.45,82,0,6.89
154,La Ronge,CA,2020-05-08 22:27:12,55.1,-105.28,42.8,45,90,9.17
155,Qaanaaq,GL,2020-05-08 22:27:12,77.48,-69.36,12.99,85,40,5.39
156,Allanridge,ZA,2020-05-08 22:27:12,-27.75,26.64,58.35,32,96,4.59
157,Khasan,RU,2020-05-08 22:27:12,42.43,130.64,50.99,87,100,3.29
158,Shache,CN,2020-05-08 22:27:13,38.42,77.24,60.87,49,53,3.69
159,San Cristobal,VE,2020-05-08 22:27:13,7.77,-72.22,86.0,55,75,43.62
160,Saurimo,AO,2020-05-08 22:27:13,-9.66,20.39,67.78,76,32,3.09
161,Gobabis,NA,2020-05-08 22:27:13,-22.45,18.97,53.6,62,0,2.24
162,Hirara,JP,2020-05-08 22:27:13,24.8,125.28,77.0,88,20,6.93
163,Fort Nelson,CA,2020-05-08 22:22:54,58.81,-122.7,60.8,41,75,17.22
164,Geraldton,AU,2020-05-08 22:26:57,-28.77,114.6,53.6,66,25,11.41
165,San Patricio,MX,2020-05-08 22:27:14,19.22,-104.7,86.0,74,20,11.41
166,Rio Gallegos,AR,2020-05-08 22:25:59,-51.62,-69.22,48.2,76,3,4.7
167,Thakurgaon,BD,2020-05-08 22:27:14,26.03,88.47,74.89,38,0,7.9
168,Invermere,CA,2020-05-08 22:27:14,50.52,-116.04,59.0,59,20,5.01
169,Saint Anthony,US,2020-05-08 22:27:14,45.02,-93.22,50.0,24,1,10.29
170,Prince Albert,CA,2020-05-08 22:27:14,53.2,-105.77,33.8,86,90,14.99
171,Ponta Do Sol,PT,2020-05-08 22:27:15,32.67,-17.1,66.2,68,20,3.36
172,Karla,EE,2020-05-08 22:27:15,59.37,24.93,46.99,81,75,10.29
173,The Pas,CA,2020-05-08 22:23:43,53.83,-101.25,42.8,41,75,4.7
174,Schleswig,DE,2020-05-08 22:27:15,54.52,9.55,50.0,76,52,5.82
175,Linhai,CN,2020-05-08 22:27:15,28.85,121.12,75.0,80,57,1.74
176,Canico,PT,2020-05-08 22:27:15,32.63,-16.85,66.2,68,20,3.36
177,Kenora,CA,2020-05-08 22:27:16,49.82,-94.43,44.6,26,20,10.29
178,San Javier,ES,2020-05-08 22:27:16,37.81,-0.84,68.0,77,90,4.7
179,Speightstown,BB,2020-05-08 22:27:16,13.25,-59.65,82.4,69,40,17.22
180,Abha,SA,2020-05-08 22:27:16,18.22,42.51,68.0,82,16,2.04
181,Egvekinot,RU,2020-05-08 22:27:16,66.32,-179.17,34.39,90,99,9.55
182,Westport,US,2020-05-08 22:27:16,41.14,-73.36,45.0,93,100,10.11
183,Huambo,AO,2020-05-08 22:27:16,-12.78,15.74,57.2,71,6,2.93
184,Carauari,BR,2020-05-08 22:27:17,-4.88,-66.9,78.6,80,91,1.72
185,Flinders,AU,2020-05-08 22:27:17,-34.58,150.86,73.0,41,7,10.0
186,Harper,LR,2020-05-08 22:27:17,4.38,-7.72,81.52,82,82,7.49
187,Bilma,NE,2020-05-08 22:27:17,18.69,12.92,85.53,12,0,7.02
188,Jamestown,US,2020-05-08 22:27:17,42.1,-79.24,33.01,71,90,11.41
189,Severo-Yeniseyskiy,RU,2020-05-08 22:23:41,60.37,93.04,39.45,85,100,10.78
190,Khatanga,RU,2020-05-08 22:26:19,71.97,102.5,21.47,93,100,19.55
191,Deputatskiy,RU,2020-05-08 22:27:04,69.3,139.9,25.48,98,100,3.8
192,Bend,US,2020-05-08 22:27:18,44.06,-121.32,77.0,18,1,11.41
193,Matara,LK,2020-05-08 22:27:18,5.95,80.54,79.52,87,62,3.02
194,Broome,US,2020-05-08 22:27:18,42.25,-75.83,37.0,93,90,16.11
195,Muros,ES,2020-05-08 22:27:18,42.78,-9.06,60.01,89,100,8.01
196,Larap,PH,2020-05-08 22:27:18,14.3,122.65,79.07,83,99,3.87
197,Santa Marta,CO,2020-05-08 22:26:27,11.24,-74.2,84.45,74,94,15.23
198,Kuandian,CN,2020-05-08 22:27:18,40.73,124.78,49.37,91,100,4.32
199,Lethem,GY,2020-05-08 22:27:19,3.38,-59.8,80.89,77,77,8.81
200,Neka,IR,2020-05-08 22:27:19,36.65,53.3,62.6,82,0,6.93
201,Souillac,MU,2020-05-08 22:27:19,-20.52,57.52,71.6,94,40,4.7
202,Mountain Home,US,2020-05-08 22:27:19,43.13,-115.69,73.4,11,1,11.41
203,Kaitangata,NZ,2020-05-08 22:26:43,-46.28,169.85,51.01,88,52,1.99
204,Ilulissat,GL,2020-05-08 22:27:20,69.22,-51.1,33.8,59,99,5.82
205,Shirpur,IN,2020-05-08 22:27:20,21.35,74.88,78.33,69,0,15.41
206,Mehamn,NO,2020-05-08 22:27:20,71.04,27.85,32.0,90,40,12.75
207,Vardo,NO,2020-05-08 22:27:20,70.37,31.11,32.0,82,75,5.82
208,Husavik,IS,2020-05-08 22:27:20,66.04,-17.34,33.8,59,75,19.46
209,Hervey Bay,AU,2020-05-08 22:27:20,-25.3,152.85,66.0,82,51,5.01
210,Knyaze-Volkonskoye,RU,2020-05-08 22:27:20,48.46,135.46,55.4,43,54,4.47
211,Vestmannaeyjar,IS,2020-05-08 22:27:21,63.44,-20.27,41.56,67,23,9.82
212,Casimiro Castillo,MX,2020-05-08 22:27:21,19.6,-104.43,86.0,74,20,11.41
213,Tual,ID,2020-05-08 22:27:21,-5.67,132.75,82.89,79,3,19.77
214,Port Elizabeth,ZA,2020-05-08 22:27:21,-33.92,25.57,60.8,100,75,3.36
215,Port-Gentil,GA,2020-05-08 22:27:21,-0.72,8.78,78.8,94,40,8.05
216,Wajima,JP,2020-05-08 22:27:21,37.4,136.9,59.77,79,100,7.49
217,Shenjiamen,CN,2020-05-08 22:27:21,29.96,122.3,66.85,96,97,8.77
218,Chokurdakh,RU,2020-05-08 22:27:21,70.63,147.92,25.18,98,64,8.61
219,Chicama,PE,2020-05-08 22:27:22,-7.84,-79.15,76.35,65,22,9.57
220,Ajdabiya,LY,2020-05-08 22:27:22,30.76,20.23,63.82,40,0,12.53
221,Inuvik,CA,2020-05-08 22:27:22,68.35,-133.72,46.4,45,5,11.41
222,Las Vegas,US,2020-05-08 22:25:54,36.17,-115.14,91.4,5,1,3.91
223,Te Anau,NZ,2020-05-08 22:27:22,-45.42,167.72,52.92,81,46,3.06
224,Digby,CA,2020-05-08 22:27:23,44.62,-65.77,48.0,69,45,20.0
225,Najran,SA,2020-05-08 22:27:23,17.49,44.13,77.0,44,48,5.1
226,Pringsewu,ID,2020-05-08 22:27:23,-5.36,104.97,75.45,91,100,0.89
227,Port Hawkesbury,CA,2020-05-08 22:24:58,45.62,-61.35,46.99,70,1,10.29
228,Lavrentiya,RU,2020-05-08 22:27:23,65.58,-171.0,36.18,84,67,13.85
229,Kurayoshi,JP,2020-05-08 22:24:04,35.43,133.82,64.4,59,75,17.22
230,Elena,BG,2020-05-08 22:27:23,42.93,25.88,46.99,93,12,8.05
231,Boromo,BF,2020-05-08 22:27:23,11.75,-2.93,94.86,24,59,7.38
232,Laramie,US,2020-05-08 22:27:24,41.31,-105.59,54.0,34,1,14.99
233,Ahipara,NZ,2020-05-08 22:27:24,-35.17,173.17,62.19,68,27,5.95
234,Tommot,RU,2020-05-08 22:27:24,58.96,126.29,29.64,94,100,10.38
235,Saint-Philippe,RE,2020-05-08 22:27:24,-21.36,55.77,71.6,60,59,9.17
236,Saldanha,ZA,2020-05-08 22:27:24,-33.01,17.94,55.4,71,0,4.7
237,Natal,BR,2020-05-08 22:25:50,-5.79,-35.21,78.8,83,75,6.93
238,Beringovskiy,RU,2020-05-08 22:26:54,63.05,179.32,32.2,98,100,10.45
239,Imeni Poliny Osipenko,RU,2020-05-08 22:26:21,52.42,136.49,36.95,79,0,8.5
240,Parrita,CR,2020-05-08 22:27:25,9.52,-84.32,77.0,73,75,13.87
241,Slave Lake,CA,2020-05-08 22:27:25,55.28,-114.77,53.6,37,1,10.29
242,Oksfjord,NO,2020-05-08 22:27:25,70.24,22.35,33.8,74,100,4.7
243,Fairbanks,US,2020-05-08 22:25:31,64.84,-147.72,66.99,18,75,5.82
244,Isangel,VU,2020-05-08 22:27:25,-19.55,169.27,77.0,88,40,6.93
245,Ketchikan,US,2020-05-08 22:23:40,55.34,-131.65,62.6,42,1,13.87
246,Nome,US,2020-05-08 22:27:26,64.5,-165.41,53.6,40,75,13.87
247,Palencia,ES,2020-05-08 22:24:53,42.42,-4.5,60.01,83,84,1.01
248,Omboue,GA,2020-05-08 22:27:26,-1.57,9.26,79.9,88,100,2.08
249,Patnos,TR,2020-05-08 22:27:26,39.23,42.86,46.62,77,97,3.62
250,Tarakan,ID,2020-05-08 22:27:26,3.3,117.63,81.43,80,13,3.11
251,Buala,SB,2020-05-08 22:27:26,-8.14,159.59,83.86,77,7,8.88
252,Maniitsoq,GL,2020-05-08 22:27:26,65.42,-52.9,38.53,75,100,5.28
253,Kavieng,PG,2020-05-08 22:27:27,-2.57,150.8,83.89,71,5,7.49
254,Port Blair,IN,2020-05-08 22:27:27,11.67,92.75,83.61,78,100,5.77
255,Zemetchino,RU,2020-05-08 22:27:27,53.5,42.62,50.67,94,100,6.29
256,Meiringen,CH,2020-05-08 22:27:27,46.73,8.18,59.0,82,75,2.24
257,Camacha,PT,2020-05-08 22:27:27,33.08,-16.33,66.2,88,40,11.41
258,Pacific Grove,US,2020-05-08 22:27:27,36.62,-121.92,82.0,53,1,5.82
259,Mahebourg,MU,2020-05-08 22:26:40,-20.41,57.7,71.6,94,40,4.7
260,Aktash,RU,2020-05-08 22:27:28,50.3,87.73,28.8,95,0,1.61
261,Anahuac,MX,2020-05-08 22:27:28,27.23,-100.15,93.2,41,75,11.41
262,Birjand,IR,2020-05-08 22:27:28,32.87,59.22,53.6,29,0,6.93
263,Isfara,TJ,2020-05-08 22:27:28,40.13,70.63,68.34,47,100,8.9
264,Mengcheng,CN,2020-05-08 22:27:28,33.26,116.57,56.88,80,99,10.47
265,Sohagpur,IN,2020-05-08 22:27:28,22.7,78.2,81.23,20,0,7.61
266,Lebanon,US,2020-05-08 22:23:43,36.21,-86.29,57.2,71,90,18.34
267,Pemberton,CA,2020-05-08 22:27:29,50.32,-122.8,69.8,21,20,5.82
268,Gonen,TR,2020-05-08 22:27:29,40.1,27.65,53.6,76,31,6.93
269,Gijon,ES,2020-05-08 22:24:52,43.54,-5.66,61.0,89,87,1.01
270,Boueni,YT,2020-05-08 22:27:29,-12.9,45.08,82.4,74,40,16.11
271,Ontario,US,2020-05-08 22:24:42,34.06,-117.65,91.99,29,20,16.11
272,Stornoway,GB,2020-05-08 22:27:29,58.21,-6.39,48.2,87,94,4.7
273,Tabuk,PH,2020-05-08 22:27:30,17.42,121.44,76.91,85,95,1.59
274,Mariental,NA,2020-05-08 22:27:30,-24.63,17.97,68.54,24,0,11.3
275,Airai,TL,2020-05-08 22:27:30,-8.93,125.41,57.33,100,20,3.27
276,Comodoro Rivadavia,AR,2020-05-08 22:27:30,-45.87,-67.5,57.2,93,90,6.78
277,Vanimo,PG,2020-05-08 22:27:30,-2.67,141.3,79.97,83,62,3.91
278,Ponta Delgada,PT,2020-05-08 22:27:30,37.73,-25.67,60.8,77,40,12.75
279,Moerai,PF,2020-05-08 22:27:30,-22.43,-151.33,77.99,71,24,9.6
280,Stromness,GB,2020-05-08 22:27:31,58.97,-3.3,46.4,87,95,1.1
281,Cherskiy,RU,2020-05-08 22:27:31,68.75,161.3,34.65,87,0,6.82
282,Kolokani,ML,2020-05-08 22:27:31,13.57,-8.03,92.98,21,49,4.52
283,Siverek,TR,2020-05-08 22:27:31,37.76,39.32,57.2,71,75,8.05
284,Jalu,LY,2020-05-08 22:27:31,29.03,21.55,68.56,27,0,12.68
285,Humaita,BR,2020-05-08 22:27:31,-7.51,-63.02,78.48,75,71,2.8
286,Jiwani,PK,2020-05-08 22:27:31,25.05,61.74,84.61,72,0,13.24
287,Trelew,AR,2020-05-08 22:27:32,-43.25,-65.31,73.9,26,100,14.74
288,Salinopolis,BR,2020-05-08 22:23:11,-0.61,-47.36,79.63,88,100,9.62
289,Garowe,SO,2020-05-08 22:27:32,8.41,48.48,80.24,67,0,9.4
290,Grindavik,IS,2020-05-08 22:27:32,63.84,-22.43,39.2,55,0,16.11
291,Pontianak,ID,2020-05-08 22:27:32,-0.03,109.33,75.2,100,75,3.36
292,Codrington,AU,2020-05-08 22:27:32,-38.27,141.97,50.23,81,100,10.25
293,Srednekolymsk,RU,2020-05-08 22:27:32,67.45,153.68,32.58,95,0,7.74
294,Huizhou,CN,2020-05-08 22:27:33,23.08,114.4,79.9,84,91,2.39
295,Fortuna,US,2020-05-08 22:27:13,40.6,-124.16,66.0,82,1,16.11
296,Loandjili,CG,2020-05-08 22:27:33,-4.76,11.86,79.81,90,100,4.05
297,Tateyama,JP,2020-05-08 22:27:33,34.98,139.87,68.0,61,100,5.01
298,Walvis Bay,NA,2020-05-08 22:27:33,-22.96,14.51,72.93,38,0,3.29
299,La Crosse,US,2020-05-08 22:27:33,43.8,-91.24,48.2,21,20,16.11
300,Man,CI,2020-05-08 22:27:33,7.41,-7.55,74.17,93,93,2.89
301,Sisimiut,GL,2020-05-08 22:27:34,66.94,-53.67,38.89,67,100,1.34
302,Santa Maria,BR,2020-05-08 22:27:34,-29.68,-53.81,60.8,72,0,2.24
303,Hofn,IS,2020-05-08 22:26:45,64.25,-15.21,34.7,86,99,16.71
304,Povenets,RU,2020-05-08 22:27:34,62.85,34.83,37.8,78,74,5.12
305,Tiarei,PF,2020-05-08 22:27:34,-17.53,-149.33,86.0,66,29,8.05
306,Dunkirk,FR,2020-05-08 22:27:34,51.05,2.37,57.99,79,2,1.01
307,Yemelyanovo,RU,2020-05-08 22:27:34,56.17,92.68,30.2,92,95,3.42
308,Riyadh,SA,2020-05-08 22:27:35,24.69,46.72,80.6,22,24,5.82
309,Maicao,CO,2020-05-08 22:27:35,11.38,-72.24,88.12,56,2,19.44
310,Hamilton,US,2020-05-08 22:27:04,39.18,-84.53,53.01,43,90,16.11
311,Jacareacanga,BR,2020-05-08 22:27:35,-6.22,-57.75,77.54,96,77,0.47
312,Furukawa,JP,2020-05-08 22:27:35,38.57,140.96,60.8,55,87,9.17
313,Grootfontein,NA,2020-05-08 22:27:36,-19.57,18.12,56.23,46,0,4.97
314,Sandnessjoen,NO,2020-05-08 22:27:36,66.02,12.63,35.6,69,40,2.24
315,Tilichiki,RU,2020-05-08 22:27:36,60.47,166.1,25.99,97,33,10.92
316,Norman Wells,CA,2020-05-08 22:22:37,65.28,-126.83,41.0,56,5,14.99
317,Coquimbo,CL,2020-05-08 22:27:36,-29.95,-71.34,59.0,82,75,6.93
318,Salym,RU,2020-05-08 22:27:36,60.06,71.48,56.89,56,100,7.58
319,Bengkulu,ID,2020-05-08 22:27:36,-3.8,102.27,76.41,86,100,4.72
320,Colwyn Bay,GB,2020-05-08 22:27:37,53.29,-3.73,51.01,95,1,2.39
321,Araria,IN,2020-05-08 22:26:08,26.15,87.52,77.14,37,0,8.84
322,Brae,GB,2020-05-08 22:27:37,60.4,-1.35,44.6,81,99,10.29
323,Talcahuano,CL,2020-05-08 22:27:37,-36.72,-73.12,57.2,93,90,12.75
324,Chumikan,RU,2020-05-08 22:27:37,54.72,135.31,32.13,97,90,0.94
325,Pangoa,PE,2020-05-08 22:27:37,-12.12,-73.0,71.04,72,78,2.04
326,Yenagoa,NG,2020-05-08 22:27:37,4.92,6.26,77.05,91,98,2.06
327,Ornskoldsvik,SE,2020-05-08 22:23:00,63.29,18.72,37.4,83,55,13.87
328,Japura,ID,2020-05-08 22:27:38,-0.32,102.35,73.54,95,100,1.39
329,Aguimes,ES,2020-05-08 22:27:38,27.91,-15.45,68.0,72,20,13.87
330,Adrar,MR,2020-05-08 22:26:19,20.5,-10.07,92.68,20,26,9.37
331,Mulchen,CL,2020-05-08 22:27:38,-37.72,-72.23,62.6,67,75,4.7
332,Mezen,RU,2020-05-08 22:27:38,65.85,44.24,34.68,91,94,4.52
333,Sidi Ali,DZ,2020-05-08 22:27:38,36.1,0.42,63.68,92,100,8.03
334,Pacifica,US,2020-05-08 22:26:48,37.61,-122.49,75.2,44,75,18.34
335,Olinda,BR,2020-05-08 22:27:39,-8.01,-34.86,82.4,69,40,9.17
336,Cangucu,BR,2020-05-08 22:27:39,-31.39,-52.68,57.0,77,0,0.63
337,Hun,LY,2020-05-08 22:27:39,29.13,15.95,68.04,36,54,10.07
338,Boundiali,CI,2020-05-08 22:27:39,9.52,-6.49,82.42,57,88,3.89
339,Surgut,RU,2020-05-08 22:23:00,61.25,73.42,62.6,42,100,8.95
340,Bousse,BF,2020-05-08 22:27:39,12.66,-1.89,95.0,34,19,6.93
341,Medea,DZ,2020-05-08 22:27:40,36.26,2.75,66.2,93,75,2.24
342,Nosy Varika,MG,2020-05-08 22:27:40,-20.58,48.53,70.95,88,81,7.45
343,Tres Passos,BR,2020-05-08 22:27:40,-27.46,-53.93,60.01,71,0,1.99
344,Ancud,CL,2020-05-08 22:27:40,-41.87,-73.82,59.0,100,75,4.7
345,Chapais,CA,2020-05-08 22:27:40,49.78,-74.85,30.2,50,90,11.41
346,Mahuva,IN,2020-05-08 22:27:40,21.09,71.76,81.66,58,0,10.89
347,Swellendam,ZA,2020-05-08 22:27:40,-34.02,20.44,62.6,93,5,9.17
348,Turayf,SA,2020-05-08 22:27:41,31.67,38.66,75.2,29,0,18.34
349,Horki,BY,2020-05-08 22:27:41,54.29,30.98,40.55,72,24,4.79
350,Pevek,RU,2020-05-08 22:27:41,69.7,170.31,34.02,88,0,6.38
351,College,US,2020-05-08 22:27:41,64.86,-147.8,64.99,20,90,8.05
352,Bowen,AU,2020-05-08 22:27:41,-20.02,148.23,72.0,88,2,1.12
353,Trojes,AL,2020-05-08 22:27:41,41.76,19.96,51.8,87,37,2.24
354,Itarema,BR,2020-05-08 22:27:42,-2.92,-39.92,78.6,88,66,6.71
355,Elmira,US,2020-05-08 22:24:12,42.09,-76.81,35.6,93,90,8.05
356,Ouallam,NE,2020-05-08 22:27:42,14.32,2.09,93.38,23,12,5.68
357,Trairi,BR,2020-05-08 22:27:42,-3.28,-39.27,78.06,84,12,6.29
358,Linjiang,CN,2020-05-08 22:27:42,41.81,126.91,50.83,85,99,1.32
359,Betong,TH,2020-05-08 22:27:42,5.77,101.07,73.08,94,96,1.54
360,Becej,RS,2020-05-08 22:27:42,45.62,20.03,57.99,43,0,5.93
361,Taylorville,US,2020-05-08 22:27:43,39.55,-89.29,53.01,43,1,18.34
362,Freeport,US,2020-05-08 22:27:43,40.66,-73.58,48.99,61,90,12.75
363,Voh,NC,2020-05-08 22:27:43,-20.97,164.7,74.44,72,0,5.41
364,Cam Ranh,VN,2020-05-08 22:27:43,11.92,109.16,84.2,94,20,3.36
365,Gornopravdinsk,RU,2020-05-08 22:27:43,60.05,69.9,57.92,55,85,7.63
366,Gariaband,IN,2020-05-08 22:27:43,20.64,82.06,81.37,39,0,4.63
367,Plettenberg Bay,ZA,2020-05-08 22:27:43,-34.05,23.37,60.98,91,0,2.37
368,Quatre Cocos,MU,2020-05-08 22:27:23,-20.21,57.76,71.6,94,40,4.7
369,Necochea,AR,2020-05-08 22:22:57,-38.55,-58.74,55.0,81,45,8.01
370,Poum,NC,2020-05-08 22:27:23,-20.23,164.02,73.98,69,0,5.66
371,Deer Lake,CA,2020-05-08 22:27:44,49.17,-57.43,37.4,85,75,9.17
372,Dicabisagan,PH,2020-05-08 22:23:10,17.08,122.42,79.47,81,81,2.35
373,Yongan,CN,2020-05-08 22:27:44,39.7,113.69,51.89,76,70,3.8
374,Durango,MX,2020-05-08 22:22:45,24.83,-104.83,67.46,44,87,13.0
375,Jauja,PE,2020-05-08 22:27:44,-11.78,-75.5,57.36,59,84,6.24
376,Charyshskoye,RU,2020-05-08 22:27:45,51.4,83.56,45.48,59,0,5.75
377,Gambela,ET,2020-05-08 22:27:45,8.25,34.58,77.61,77,100,2.73
378,Pumiao,CN,2020-05-08 22:27:45,22.75,108.48,80.6,78,100,4.47
379,Port Lincoln,AU,2020-05-08 22:27:45,-34.73,135.87,53.76,61,17,19.22
380,Nabire,ID,2020-05-08 22:27:45,-3.37,135.48,79.07,87,70,2.71
381,Pafos,CY,2020-05-08 22:27:45,34.77,32.42,66.2,68,20,10.29
382,Wanning,CN,2020-05-08 22:27:46,18.8,110.4,80.29,91,95,11.14
383,Boulsa,BF,2020-05-08 22:27:46,12.67,-0.58,94.93,26,46,4.16
384,Ulladulla,AU,2020-05-08 22:25:49,-35.35,150.47,69.8,37,17,12.75
385,Slobodskoy,RU,2020-05-08 22:27:46,58.73,50.18,54.95,97,100,4.07
386,Long Beach,US,2020-05-08 22:27:46,33.77,-118.19,78.01,64,1,11.41
387,Alyangula,AU,2020-05-08 22:27:46,-13.85,136.42,71.6,100,75,1.12
388,Launceston,AU,2020-05-08 22:27:46,-41.45,147.17,50.0,93,40,19.46
389,Louis Trichardt,ZA,2020-05-08 22:27:47,-23.04,29.9,55.67,88,0,3.18
390,Naze,JP,2020-05-08 22:27:47,28.37,129.48,73.4,88,40,14.99
391,Loknya,RU,2020-05-08 22:27:47,56.83,30.15,40.42,69,24,3.27
392,Gizo,SB,2020-05-08 22:27:47,-8.1,156.84,83.16,77,16,7.16
393,Manzini,SZ,2020-05-08 22:27:47,-26.25,31.5,60.8,100,9,11.41
394,Maceio,BR,2020-05-08 22:26:52,-9.67,-35.74,75.2,94,100,3.36
395,Roebourne,AU,2020-05-08 22:27:48,-20.78,117.13,76.05,44,65,15.21
396,Namibe,AO,2020-05-08 22:27:48,-15.2,12.15,80.76,50,0,0.58
397,Lata,PT,2020-05-08 22:27:48,40.16,-8.33,63.0,80,90,2.66
398,Aras,ES,2020-05-08 22:27:48,42.56,-2.36,62.6,82,59,4.7
399,Mount Gambier,AU,2020-05-08 22:27:48,-37.83,140.77,46.4,93,40,8.05
400,Conde,BR,2020-05-08 22:23:11,-7.26,-34.91,77.0,88,10,6.93
401,Taoudenni,ML,2020-05-08 22:27:48,22.68,-3.98,91.85,25,19,24.23
402,Jeremie,HT,2020-05-08 22:27:48,18.65,-74.12,83.39,71,96,3.85
403,Amazar,RU,2020-05-08 22:27:49,53.86,120.88,41.83,74,99,3.78
404,Verkhnevilyuysk,RU,2020-05-08 22:27:49,63.45,120.32,25.3,89,100,7.18
405,El Alto,PE,2020-05-08 22:27:49,-4.27,-81.21,75.54,72,11,19.24
406,Asau,RO,2020-05-08 22:27:49,46.43,26.4,43.0,76,77,2.82
407,Patterson,US,2020-05-08 22:26:38,37.47,-121.13,93.2,18,1,8.05
408,Ercis,TR,2020-05-08 22:27:49,39.03,43.36,55.4,50,20,11.41
409,Koster,ZA,2020-05-08 22:27:49,-25.86,26.9,54.19,37,97,6.06
410,Biak,ID,2020-05-08 22:27:50,-0.91,122.88,78.55,80,22,4.38
411,Westlock,CA,2020-05-08 22:27:50,54.15,-113.87,60.01,50,1,10.29
412,Pompeu,BR,2020-05-08 22:27:50,-19.22,-44.94,61.61,96,9,6.24
413,Toyo,PH,2020-05-08 22:27:50,10.73,125.02,77.97,87,99,3.53
414,Itupiranga,BR,2020-05-08 22:27:50,-5.13,-49.33,80.6,94,20,3.04
415,Kirakira,SB,2020-05-08 22:27:51,-10.45,161.92,82.74,73,3,7.99
416,Werota,ET,2020-05-08 22:27:51,11.92,37.7,69.75,69,99,9.57
417,Kaeo,NZ,2020-05-08 22:27:51,-35.1,173.78,57.0,3,2,7.0
418,Pijijiapan,MX,2020-05-08 22:27:51,15.7,-93.23,91.65,50,11,8.05
419,Pechenga,RU,2020-05-08 22:27:51,69.53,31.17,33.8,74,75,3.36
420,Virginia Beach,US,2020-05-08 22:26:13,36.85,-75.98,66.2,37,90,26.4
421,Dunedin,NZ,2020-05-08 22:26:54,-45.87,170.5,57.0,72,44,5.99
422,Vung Tau,VN,2020-05-08 22:24:41,10.35,107.08,83.77,76,100,7.02
423,Aksu,CN,2020-05-08 22:27:52,41.12,80.26,60.21,40,11,1.48
424,Shaghat,AM,2020-05-08 22:27:52,39.56,45.91,55.4,76,20,4.7
425,Kavaratti,IN,2020-05-08 22:27:52,10.57,72.64,85.03,74,100,9.08
426,Puerto Escondido,MX,2020-05-08 22:27:52,15.85,-97.07,87.8,74,20,6.93
427,Nouadhibou,MR,2020-05-08 22:25:17,20.93,-17.03,68.0,72,0,20.8
428,Broken Hill,AU,2020-05-08 22:26:56,-31.95,141.43,57.2,47,0,13.87
429,Qasigiannguit,GL,2020-05-08 22:27:53,68.82,-51.19,33.8,59,97,5.82
430,Iqaluit,CA,2020-05-08 22:27:53,63.75,-68.51,33.8,50,75,12.75
431,Marawi,PH,2020-05-08 22:27:53,8.0,124.29,79.0,86,60,5.01
432,Ghorawal,IN,2020-05-08 22:27:53,24.77,82.78,80.38,25,0,6.64
433,Dinguiraye,GN,2020-05-08 22:27:53,11.3,-10.72,84.15,53,91,8.41
434,Malkangiri,IN,2020-05-08 22:27:54,18.35,81.9,81.91,55,52,1.36
435,Hingatungan,PH,2020-05-08 22:27:54,10.58,125.19,81.32,77,99,6.78
436,Tyazhinskiy,RU,2020-05-08 22:27:54,56.12,88.52,42.94,68,6,4.0
437,Llano De Piedra,PA,2020-05-08 22:27:54,7.67,-80.57,84.16,73,100,6.49
438,Iberia,US,2020-05-08 22:27:54,29.95,-91.75,68.0,100,90,10.29
439,Kieta,PG,2020-05-08 22:27:54,-6.22,155.63,83.28,68,3,3.4
440,La Palma,US,2020-05-08 22:27:06,33.85,-118.05,78.8,47,1,9.17
441,Roma,US,2020-05-08 22:27:55,43.21,-75.46,39.99,48,90,11.41
442,Garissa,KE,2020-05-08 22:27:55,-0.45,39.64,79.11,72,96,14.9
443,Naqadeh,IR,2020-05-08 22:27:55,36.96,45.39,51.76,64,13,3.13
444,Maragogi,BR,2020-05-08 22:27:55,-9.01,-35.22,77.81,81,98,8.03
445,Port Hardy,CA,2020-05-08 22:27:55,50.7,-127.42,66.2,42,20,3.36
446,Menomonie,US,2020-05-08 22:27:55,44.88,-91.92,46.0,24,1,12.75
447,Sault Sainte Marie,CA,2020-05-08 22:26:29,46.52,-84.33,33.8,50,75,18.34
448,Korla,CN,2020-05-08 22:27:09,41.76,86.15,59.31,33,0,4.18
449,Sitka,US,2020-05-08 22:27:32,57.05,-135.33,59.0,47,90,4.7
450,Ostersund,SE,2020-05-08 22:27:56,63.18,14.64,33.8,69,4,6.93
451,Los Llanos De Aridane,ES,2020-05-08 22:27:56,28.66,-17.92,69.8,73,75,2.24
452,Skjervoy,NO,2020-05-08 22:27:56,70.03,20.97,35.58,80,100,17.0
453,Kruisfontein,ZA,2020-05-08 22:27:56,-34.0,24.73,55.94,95,0,1.74
454,Road Town,VG,2020-05-08 22:27:57,18.42,-64.62,82.0,86,6,1.99
455,Vallenar,CL,2020-05-08 22:27:57,-28.57,-70.76,65.35,52,0,3.13
456,Santa Isabel,BR,2020-05-08 22:27:57,-23.32,-46.22,60.8,82,75,6.93
457,Islamkot,PK,2020-05-08 22:27:57,24.7,70.18,78.37,82,0,12.93
458,Bethanien,NA,2020-05-08 22:27:57,-26.5,17.16,67.62,26,0,1.79
459,Idah,NG,2020-05-08 22:27:57,7.11,6.73,78.96,87,29,3.42
460,Ara,IN,2020-05-08 22:26:12,25.57,84.67,81.36,24,0,5.86
461,Kapoeta,SS,2020-05-08 22:27:58,4.77,33.59,79.2,64,99,1.3
462,Ashcroft,CA,2020-05-08 22:27:58,50.72,-121.29,78.8,27,20,4.7
463,Katsuura,JP,2020-05-08 22:27:58,35.13,140.3,68.0,61,96,5.01
464,Morondava,MG,2020-05-08 22:27:58,-20.28,44.28,73.2,71,0,5.66
465,Chimala,TZ,2020-05-08 22:27:58,-8.85,34.02,62.71,75,74,3.0
466,Cotonou,BJ,2020-05-08 22:26:54,6.37,2.42,84.2,83,40,9.17
467,Port Augusta,AU,2020-05-08 22:27:59,-32.5,137.77,50.0,81,29,5.82
468,Sehithwa,BW,2020-05-08 22:27:59,-20.47,22.72,63.14,31,0,6.06
469,Palana,RU,2020-05-08 22:27:59,59.12,159.97,31.48,94,20,18.59
470,Bangassou,CF,2020-05-08 22:27:59,4.74,22.82,72.28,80,100,4.63
471,Ugoofaaru,MV,2020-05-08 22:27:00,5.67,73.0,84.65,76,68,10.11
472,Paracuru,BR,2020-05-08 22:27:59,-3.41,-39.03,84.0,70,41,13.0
473,Avera,US,2020-05-08 22:27:59,33.19,-82.53,69.8,49,90,3.36
474,Nkayi,CG,2020-05-08 22:28:00,-4.18,13.29,77.94,84,100,1.07
475,Vyartsilya,RU,2020-05-08 22:28:00,62.18,30.69,38.77,75,79,5.5
476,Iacu,BR,2020-05-08 22:28:00,-12.77,-40.21,72.73,88,100,5.19
477,Gamovo,RU,2020-05-08 22:28:00,57.87,56.11,57.2,44,20,4.47
478,Gamba,GA,2020-05-08 22:28:00,-2.65,10.0,78.71,92,99,2.35
479,Erzin,TR,2020-05-08 22:28:00,36.96,36.2,64.0,79,99,11.01
480,Martapura,ID,2020-05-08 22:28:00,-3.42,114.85,77.0,100,75,3.36
481,Talara,PE,2020-05-08 22:28:01,-4.58,-81.27,74.64,77,13,15.93
482,Saint-Georges,GD,2020-05-08 22:28:01,12.06,-61.75,82.4,78,20,16.11
483,Alekseyevskoye,RU,2020-05-08 22:28:01,55.31,50.11,57.2,47,1,6.71
484,Jiangyou,CN,2020-05-08 22:28:01,31.77,104.72,63.41,75,100,5.66
485,Moron,AR,2020-05-08 22:28:01,-34.65,-58.62,63.0,100,17,8.43
486,Emerald,AU,2020-05-08 22:28:02,-23.53,148.17,66.2,88,40,5.82
487,Auki,SB,2020-05-08 22:28:02,-8.77,160.7,82.53,80,11,4.09
488,Quang Ngai,VN,2020-05-08 22:26:00,15.12,108.8,78.08,86,100,3.27
489,Itum-Kale,RU,2020-05-08 22:28:02,42.74,45.58,52.52,69,62,0.81
490,Mana,GF,2020-05-08 22:28:02,5.66,-53.78,78.21,82,90,11.59
491,Nyurba,RU,2020-05-08 22:28:02,63.28,118.33,25.25,86,6,7.23
492,Xinan,CN,2020-05-08 22:28:02,26.72,119.86,70.29,96,84,1.9
493,Inhambane,MZ,2020-05-08 22:28:03,-23.86,35.38,69.08,84,26,6.35
494,Srandakan,ID,2020-05-08 22:28:03,-7.94,110.25,76.78,92,97,4.34
495,Nelson Bay,AU,2020-05-08 22:28:03,-32.72,152.15,64.0,77,48,11.41
496,Lock Haven,US,2020-05-08 22:28:03,41.14,-77.45,43.0,88,100,5.77
497,Iralaya,HN,2020-05-08 22:28:03,15.0,-83.23,89.6,66,40,9.78
498,Urengoy,RU,2020-05-08 22:28:03,65.97,78.37,46.33,96,100,15.5
499,Denpasar,ID,2020-05-08 22:28:03,-8.65,115.22,78.8,100,40,3.36
500,Nanchong,CN,2020-05-08 22:28:04,30.8,106.08,67.33,61,99,18.25
501,Asadabad,IR,2020-05-08 22:28:04,34.78,48.12,51.51,55,0,1.63
502,Sobolevo,RU,2020-05-08 22:28:04,54.43,31.9,41.94,69,45,4.83
503,Yuksekova,TR,2020-05-08 22:28:04,37.57,44.29,53.6,66,99,6.93
504,Naryan-Mar,RU,2020-05-08 22:28:04,67.67,53.09,31.08,99,77,6.58
505,Valparaiso,CL,2020-05-08 22:28:04,-33.04,-71.63,57.2,93,90,5.82
506,Changping,CN,2020-05-08 22:28:04,40.22,116.22,57.0,93,41,4.47
507,Gallup,US,2020-05-08 22:24:40,35.53,-108.74,78.8,6,1,14.99
508,Russell,US,2020-05-08 22:28:05,32.35,-85.2,73.4,53,90,6.93
509,Consett,GB,2020-05-08 22:28:05,54.85,-1.83,55.4,76,4,4.7
510,Hay River,CA,2020-05-08 22:28:05,60.82,-115.8,39.2,69,75,6.93
511,Daru,PG,2020-05-08 22:28:05,-9.08,143.21,80.31,81,25,14.81
512,Ostrovnoy,RU,2020-05-08 22:28:05,68.05,39.51,32.36,95,99,3.67
513,Honiara,SB,2020-05-08 22:28:05,-9.43,159.95,84.2,74,40,4.47
514,Nan,TH,2020-05-08 22:28:05,18.83,100.67,74.5,91,55,0.72
515,Lebu,CL,2020-05-08 22:27:24,-37.62,-73.65,59.22,90,100,16.26
516,Manyana,BW,2020-05-08 22:28:06,-23.4,21.72,59.52,40,0,5.44
517,Yauco,PR,2020-05-08 22:28:06,18.04,-66.85,84.99,65,75,3.0
518,Nara,JP,2020-05-08 22:28:06,34.69,135.8,62.6,67,75,4.7
519,Gobindpur,IN,2020-05-08 22:28:06,22.63,86.07,82.2,55,0,3.04
520,Nikolayevsk-Na-Amure,RU,2020-05-08 22:28:06,53.14,140.73,35.53,91,100,3.06
521,Vasai,IN,2020-05-08 22:28:06,19.47,72.8,84.2,79,40,0.43
522,Havoysund,NO,2020-05-08 22:28:07,71.0,24.66,32.0,92,75,18.34
523,Szabadszallas,HU,2020-05-08 22:28:07,46.88,19.22,53.6,62,30,2.24
524,Vila Velha,BR,2020-05-08 22:28:07,-20.33,-40.29,71.01,77,40,8.05
525,Taragual,HN,2020-05-08 22:28:07,14.75,-88.48,78.91,67,99,4.41
526,Rybinsk,RU,2020-05-08 22:28:07,58.04,38.84,41.41,88,44,4.03
527,Marti,CU,2020-05-08 22:28:07,22.95,-80.92,82.4,51,75,16.11
528,Cavalcante,BR,2020-05-08 22:28:07,-13.8,-47.46,68.27,90,100,3.8
529,Camopi,GF,2020-05-08 22:28:08,3.17,-52.32,74.66,96,99,4.63
530,Pokhara,NP,2020-05-08 22:28:08,28.23,83.98,65.53,36,0,4.97
531,Vagur,FO,2020-05-08 22:28:08,61.47,-6.81,41.41,68,93,14.63
532,Koryazhma,RU,2020-05-08 22:28:08,61.31,47.17,42.12,94,99,3.06
533,Guanica,PR,2020-05-08 22:28:08,17.97,-66.91,84.99,65,79,3.0
534,Rocha,UY,2020-05-08 22:28:08,-34.48,-54.33,51.73,81,25,5.14
535,Anuradhapura,LK,2020-05-08 22:28:08,8.36,80.42,76.39,91,32,1.5
536,Awbari,LY,2020-05-08 22:28:08,26.59,12.78,80.65,17,94,8.46
537,Tura,IN,2020-05-08 22:28:09,25.52,90.22,72.57,42,0,3.87
538,Mabaruma,GY,2020-05-08 22:28:09,8.2,-59.78,79.39,73,100,4.7
539,Meulaboh,ID,2020-05-08 22:28:09,4.14,96.13,75.85,91,97,3.06
540,Alexandria,EG,2020-05-08 22:24:42,31.22,29.96,66.2,82,40,14.99
